universite_adi,bolum_adi,puan_2024,tur
BOĞAZİÇİ ÜNİVERSİTESİ,Bilgisayar Mühendisliği (İngilizce),360.24913,bilgisayar
ORTA DOĞU TEKNİK ÜNİVERSİTESİ,Bilgisayar Mühendisliği (İngilizce),357.07741,bilgisayar
İSTANBUL TEKNİK ÜNİVERSİTESİ,Bilgisayar Mühendisliği (İngilizce),356.70443,bilgisayar
TÜRK-ALMAN ÜNİVERSİTESİ,Bilgisayar Mühendisliği (Almanca),355.54065,bilgisayar
YILDIZ TEKNİK ÜNİVERSİTESİ,Bilgisayar Mühendisliği,351.36913,bilgisayar
HACETTEPE ÜNİVERSİTESİ,Bilgisayar Mühendisliği (İngilizce),350.90776,bilgisayar
GALATASARAY ÜNİVERSİTESİ,Bilgisayar Mühendisliği (Fransızca),350.34829,bilgisayar
MARMARA ÜNİVERSİTESİ,Bilgisayar Mühendisliği (İngilizce),345.63073,bilgisayar
BAHÇEŞEHİR ÜNİVERSİTESİ,Bilgisayar Mühendisliği (İngilizce) (Burslu),344.71344,bilgisayar
GEBZE TEKNİK ÜNİVERSİTESİ,Bilgisayar Mühendisliği (İngilizce),342.85327,bilgisayar
ANKARA ÜNİVERSİTESİ,Bilgisayar Mühendisliği (İngilizce),341.89197,bilgisayar
GAZİ ÜNİVERSİTESİ,Bilgisayar Mühendisliği,341.64435,bilgisayar
İSTANBUL ÜNİVERSİTESİ-CERRAHPAŞA,Bilgisayar Mühendisliği,338.59574,bilgisayar
GAZİ ÜNİVERSİTESİ,Bilgisayar Mühendisliği,338.51225,bilgisayar
İZMİR YÜKSEK TEKNOLOJİ ENSTİTÜSÜ,Bilgisayar Mühendisliği (İngilizce),338.24212,bilgisayar
YEDİTEPE ÜNİVERSİTESİ,Bilgisayar Mühendisliği (İngilizce) (Burslu),338.15562,bilgisayar
MARMARA ÜNİVERSİTESİ,Bilgisayar Mühendisliği,337.22435,bilgisayar
ANKARA ÜNİVERSİTESİ,Bilgisayar Mühendisliği,336.95528,bilgisayar
EGE ÜNİVERSİTESİ,Bilgisayar Mühendisliği (İngilizce),335.63968,bilgisayar
ANKARA YILDIRIM BEYAZIT ÜNİVERSİTESİ,Bilgisayar Mühendisliği (İngilizce),334.63325,bilgisayar
İSTANBUL AYDIN ÜNİVERSİTESİ,Bilgisayar Mühendisliği (İngilizce) (Burslu),334.41128,bilgisayar
BAŞKENT ÜNİVERSİTESİ,Bilgisayar Mühendisliği (Burslu),334.41009,bilgisayar
YAŞAR ÜNİVERSİTESİ,Bilgisayar Mühendisliği (İngilizce) (Burslu),334.14385,bilgisayar
İZMİR EKONOMİ ÜNİVERSİTESİ,Bilgisayar Mühendisliği (İngilizce) (Burslu),333.64421,bilgisayar
İSTANBUL BİLGİ ÜNİVERSİTESİ,Bilgisayar Mühendisliği (İngilizce) (Burslu),333.52946,bilgisayar
IŞIK ÜNİVERSİTESİ,Bilgisayar Mühendisliği (İngilizce) (Burslu),333.42789,bilgisayar
DOKUZ EYLÜL ÜNİVERSİTESİ,Bilgisayar Mühendisliği (İngilizce),332.34068,bilgisayar
ÇANKAYA ÜNİVERSİTESİ,Bilgisayar Mühendisliği (İngilizce) (Burslu),332.02303,bilgisayar
PAMUKKALE ÜNİVERSİTESİ,Bilgisayar Mühendisliği,331.85392,bilgisayar
BAŞKENT ÜNİVERSİTESİ,Bilgisayar Mühendisliği (İngilizce) (Burslu),331.82342,bilgisayar
İSTANBUL MEDENİYET ÜNİVERSİTESİ,Bilgisayar Mühendisliği,331.68112,bilgisayar
İSTANBUL TİCARET ÜNİVERSİTESİ,Bilgisayar Mühendisliği (Burslu),330.02334,bilgisayar
AKDENİZ ÜNİVERSİTESİ,Bilgisayar Mühendisliği (İngilizce),329.84711,bilgisayar
İSTANBUL SABAHATTİN ZAİM ÜNİVERSİTESİ,Bilgisayar Mühendisliği (Burslu),329.77956,bilgisayar
ESKİŞEHİR TEKNİK ÜNİVERSİTESİ,Bilgisayar Mühendisliği (İngilizce),329.51844,bilgisayar
ESKİŞEHİR OSMANGAZİ ÜNİVERSİTESİ,Bilgisayar Mühendisliği,329.26178,bilgisayar
BURSA ULUDAĞ ÜNİVERSİTESİ,Bilgisayar Mühendisliği,329.22508,bilgisayar
İSTİNYE ÜNİVERSİTESİ,Bilgisayar Mühendisliği (İngilizce) (Burslu),327.80765,bilgisayar
İSTANBUL GEDİK ÜNİVERSİTESİ,Bilgisayar Mühendisliği (Burslu),327.79325,bilgisayar
KOCAELİ ÜNİVERSİTESİ,Bilgisayar Mühendisliği,327.78205,bilgisayar
ÜSKÜDAR ÜNİVERSİTESİ,Bilgisayar Mühendisliği (İngilizce) (Burslu),327.77705,bilgisayar
SAKARYA ÜNİVERSİTESİ,Bilgisayar Mühendisliği,327.39531,bilgisayar
ATILIM ÜNİVERSİTESİ,Bilgisayar Mühendisliği (İngilizce) (Burslu),327.28357,bilgisayar
BURSA TEKNİK ÜNİVERSİTESİ,Bilgisayar Mühendisliği,327.00677,bilgisayar
HASAN KALYONCU ÜNİVERSİTESİ,Bilgisayar Mühendisliği (İngilizce) (Burslu),326.97988,bilgisayar
OSMANİYE KORKUT ATA ÜNİVERSİTESİ,Bilgisayar Mühendisliği,326.87116,bilgisayar
İZMİR KATİP ÇELEBİ ÜNİVERSİTESİ,Bilgisayar Mühendisliği (İngilizce),326.32205,bilgisayar
İSTANBUL GELİŞİM ÜNİVERSİTESİ,Bilgisayar Mühendisliği (Burslu),326.19539,bilgisayar
İSTANBUL KÜLTÜR ÜNİVERSİTESİ,Bilgisayar Mühendisliği (İngilizce) (Burslu),325.96381,bilgisayar
İZMİR BAKIRÇAY ÜNİVERSİTESİ,Bilgisayar Mühendisliği,325.81654,bilgisayar
ÇANAKKALE ONSEKİZ MART ÜNİVERSİTESİ,Bilgisayar Mühendisliği,325.72653,bilgisayar
BİRUNİ ÜNİVERSİTESİ,Bilgisayar Mühendisliği (Burslu),325.60954,bilgisayar
ANKARA MEDİPOL ÜNİVERSİTESİ,Bilgisayar Mühendisliği (İngilizce) (Burslu),325.43674,bilgisayar
OSTİM TEKNİK ÜNİVERSİTESİ,Bilgisayar Mühendisliği (İngilizce) (Burslu),325.27628,bilgisayar
ANKARA BİLİM ÜNİVERSİTESİ,Bilgisayar Mühendisliği (İngilizce) (Burslu),324.54119,bilgisayar
ATATÜRK ÜNİVERSİTESİ,Bilgisayar Mühendisliği (İngilizce),324.2956,bilgisayar
OSTİM TEKNİK ÜNİVERSİTESİ,Bilgisayar Mühendisliği (Burslu),324.25063,bilgisayar
İSTANBUL BEYKENT ÜNİVERSİTESİ,Bilgisayar Mühendisliği (İngilizce) (Burslu),324.05402,bilgisayar
AFYON KOCATEPE ÜNİVERSİTESİ,Bilgisayar Mühendisliği,324.051,bilgisayar
MERSİN ÜNİVERSİTESİ,Bilgisayar Mühendisliği,323.63893,bilgisayar
İSTİNYE ÜNİVERSİTESİ,Bilgisayar Mühendisliği (Burslu),323.5928,bilgisayar
ABDULLAH GÜL ÜNİVERSİTESİ,Bilgisayar Mühendisliği (İngilizce),323.45917,bilgisayar
ÇUKUROVA ÜNİVERSİTESİ,Bilgisayar Mühendisliği (İngilizce),323.31228,bilgisayar
İSTANBUL ESENYURT ÜNİVERSİTESİ,Bilgisayar Mühendisliği (Burslu),323.28899,bilgisayar
MANİSA CELÂL BAYAR ÜNİVERSİTESİ,Bilgisayar Mühendisliği (İngilizce),322.81882,bilgisayar
AYDIN ADNAN MENDERES ÜNİVERSİTESİ,Bilgisayar Mühendisliği (İngilizce),322.71113,bilgisayar
SAKARYA UYGULAMALI BİLİMLER ÜNİVERSİTESİ,Bilgisayar Mühendisliği,322.04065,bilgisayar
KARADENİZ TEKNİK ÜNİVERSİTESİ,Bilgisayar Mühendisliği,321.90937,bilgisayar
MUĞLA SITKI KOÇMAN ÜNİVERSİTESİ,Bilgisayar Mühendisliği (İngilizce),321.81762,bilgisayar
NEVŞEHİR HACI BEKTAŞ VELİ ÜNİVERSİTESİ,Bilgisayar Mühendisliği,320.66782,bilgisayar
KONYA TEKNİK ÜNİVERSİTESİ,Bilgisayar Mühendisliği,320.61871,bilgisayar
İSTANBUL BEYKENT ÜNİVERSİTESİ,Bilgisayar Mühendisliği (Burslu),320.43036,bilgisayar
ADANA ALPARSLAN TÜRKEŞ BİLİM VE TEKNOLOJİ ÜNİVERSİTESİ,Bilgisayar Mühendisliği (İngilizce),320.23948,bilgisayar
İZMİR EKONOMİ ÜNİVERSİTESİ,Bilgisayar Mühendisliği (İngilizce) (%25 İndirimli),319.47937,bilgisayar
ONDOKUZ MAYIS ÜNİVERSİTESİ,Bilgisayar Mühendisliği,319.22748,bilgisayar
ERCİYES ÜNİVERSİTESİ,Bilgisayar Mühendisliği,318.97696,bilgisayar
FATİH SULTAN MEHMET VAKIF ÜNİVERSİTESİ,Bilgisayar Mühendisliği (Burslu),318.73071,bilgisayar
BİRUNİ ÜNİVERSİTESİ,Bilgisayar Mühendisliği (İngilizce) (Burslu),318.60465,bilgisayar
HALİÇ ÜNİVERSİTESİ,Bilgisayar Mühendisliği (İngilizce) (Burslu),318.43671,bilgisayar
KAHRAMANMARAŞ SÜTÇÜ İMAM ÜNİVERSİTESİ,Bilgisayar Mühendisliği,318.23556,bilgisayar
BEYKOZ ÜNİVERSİTESİ,Bilgisayar Mühendisliği (İngilizce) (Burslu),318.16688,bilgisayar
İSTANBUL ATLAS ÜNİVERSİTESİ,Bilgisayar Mühendisliği (Burslu),318.13828,bilgisayar
GİRESUN ÜNİVERSİTESİ,Bilgisayar Mühendisliği,317.75773,bilgisayar
SELÇUK ÜNİVERSİTESİ,Bilgisayar Mühendisliği,317.43087,bilgisayar
İSTANBUL SAĞLIK VE TEKNOLOJİ ÜNİVERSİTESİ,Bilgisayar Mühendisliği (Burslu),317.05983,bilgisayar
KIRIKKALE ÜNİVERSİTESİ,Bilgisayar Mühendisliği,316.76902,bilgisayar
TRAKYA ÜNİVERSİTESİ,Bilgisayar Mühendisliği,316.54916,bilgisayar
BOLU ABANT İZZET BAYSAL ÜNİVERSİTESİ,Bilgisayar Mühendisliği,316.33957,bilgisayar
BALIKESİR ÜNİVERSİTESİ,Bilgisayar Mühendisliği,316.1923,bilgisayar
BANDIRMA ONYEDİ EYLÜL ÜNİVERSİTESİ,Bilgisayar Mühendisliği,315.75196,bilgisayar
ÇANKAYA ÜNİVERSİTESİ,Bilgisayar Mühendisliği (İngilizce) (%50 İndirimli),315.71799,bilgisayar
DÜZCE ÜNİVERSİTESİ,Bilgisayar Mühendisliği,315.4641,bilgisayar
İSTANBUL OKAN ÜNİVERSİTESİ,Bilgisayar Mühendisliği (İngilizce) (Burslu),315.39485,bilgisayar
DOĞUŞ ÜNİVERSİTESİ,Bilgisayar Mühendisliği (İngilizce) (Burslu),315.33322,bilgisayar
ALTINBAŞ ÜNİVERSİTESİ,Bilgisayar Mühendisliği (İngilizce) (Burslu),315.18751,bilgisayar
İSTANBUL NİŞANTAŞI ÜNİVERSİTESİ,Bilgisayar Mühendisliği (Burslu),314.98174,bilgisayar
TEKİRDAĞ NAMIK KEMAL ÜNİVERSİTESİ,Bilgisayar Mühendisliği,314.78708,bilgisayar
İSTANBUL TOPKAPI ÜNİVERSİTESİ,Bilgisayar Mühendisliği (Burslu),314.68201,bilgisayar
İSTANBUL RUMELİ ÜNİVERSİTESİ,Bilgisayar Mühendisliği (Burslu),314.56984,bilgisayar
İSTANBUL TİCARET ÜNİVERSİTESİ,Bilgisayar Mühendisliği (%50 İndirimli),314.51278,bilgisayar
KAYSERİ ÜNİVERSİTESİ,Bilgisayar Mühendisliği,314.49811,bilgisayar
ISPARTA UYGULAMALI BİLİMLER ÜNİVERSİTESİ,Bilgisayar Mühendisliği,314.3246,bilgisayar
FENERBAHÇE ÜNİVERSİTESİ,Bilgisayar Mühendisliği (İngilizce) (Burslu),313.79716,bilgisayar
DÜZCE ÜNİVERSİTESİ,Bilgisayar Mühendisliği (İngilizce),313.76648,bilgisayar
NECMETTİN ERBAKAN ÜNİVERSİTESİ,Bilgisayar Mühendisliği,313.76547,bilgisayar
İSTANBUL TOPKAPI ÜNİVERSİTESİ,Bilgisayar Mühendisliği (İngilizce) (Burslu),313.7288,bilgisayar
FIRAT ÜNİVERSİTESİ,Bilgisayar Mühendisliği,313.61287,bilgisayar
İSTANBUL AREL ÜNİVERSİTESİ,Bilgisayar Mühendisliği (Burslu),313.44439,bilgisayar
SÜLEYMAN DEMİREL ÜNİVERSİTESİ,Bilgisayar Mühendisliği,313.29702,bilgisayar
BİLECİK ŞEYH EDEBALİ ÜNİVERSİTESİ,Bilgisayar Mühendisliği,312.86844,bilgisayar
KÜTAHYA DUMLUPINAR ÜNİVERSİTESİ,Bilgisayar Mühendisliği,312.86522,bilgisayar
BANDIRMA ONYEDİ EYLÜL ÜNİVERSİTESİ,Bilgisayar Mühendisliği (İngilizce),312.53528,bilgisayar
YALOVA ÜNİVERSİTESİ,Bilgisayar Mühendisliği,312.53219,bilgisayar
ERZURUM TEKNİK ÜNİVERSİTESİ,Bilgisayar Mühendisliği (İngilizce),312.52496,bilgisayar
İSTANBUL AREL ÜNİVERSİTESİ,Bilgisayar Mühendisliği (İngilizce) (Burslu),312.36644,bilgisayar
ADIYAMAN ÜNİVERSİTESİ,Bilgisayar Mühendisliği,311.04701,bilgisayar
İSTANBUL KÜLTÜR ÜNİVERSİTESİ,Bilgisayar Mühendisliği (İngilizce) (%50 İndirimli),310.38642,bilgisayar
YAŞAR ÜNİVERSİTESİ,Bilgisayar Mühendisliği (İngilizce) (%25 İndirimli),310.27433,bilgisayar
OSTİM TEKNİK ÜNİVERSİTESİ,Bilgisayar Mühendisliği (%50 İndirimli),310.26297,bilgisayar
İSTANBUL SAĞLIK VE TEKNOLOJİ ÜNİVERSİTESİ,Bilgisayar Mühendisliği (İngilizce) (Burslu),309.99602,bilgisayar
ZONGULDAK BÜLENT ECEVİT ÜNİVERSİTESİ,Bilgisayar Mühendisliği,309.79792,bilgisayar
ALANYA ALAADDİN KEYKUBAT ÜNİVERSİTESİ,Bilgisayar Mühendisliği (İngilizce),309.66442,bilgisayar
MALTEPE ÜNİVERSİTESİ,Bilgisayar Mühendisliği (İngilizce) (Burslu),309.51053,bilgisayar
ATATÜRK ÜNİVERSİTESİ,Bilgisayar Mühendisliği,309.04024,bilgisayar
BURDUR MEHMET AKİF ERSOY ÜNİVERSİTESİ,Bilgisayar Mühendisliği,308.67939,bilgisayar
KÜTAHYA SAĞLIK BİLİMLERİ ÜNİVERSİTESİ,Bilgisayar Mühendisliği,308.60774,bilgisayar
KARABÜK ÜNİVERSİTESİ,Bilgisayar Mühendisliği (İngilizce),308.44647,bilgisayar
SİVAS BİLİM VE TEKNOLOJİ ÜNİVERSİTESİ,Bilgisayar Mühendisliği (İngilizce),308.41327,bilgisayar
VAN YÜZÜNCÜ YIL ÜNİVERSİTESİ,Bilgisayar Mühendisliği,307.90536,bilgisayar
KARAMANOĞLU MEHMETBEY ÜNİVERSİTESİ,Bilgisayar Mühendisliği,307.64795,bilgisayar
ÇANKIRI KARATEKİN ÜNİVERSİTESİ,Bilgisayar Mühendisliği,307.31168,bilgisayar
ALANYA ÜNİVERSİTESİ,Bilgisayar Mühendisliği (İngilizce) (Burslu),307.24918,bilgisayar
KOCAELİ SAĞLIK VE TEKNOLOJİ ÜNİVERSİTESİ,Bilgisayar Mühendisliği (Burslu),307.08034,bilgisayar
TOKAT GAZİOSMANPAŞA ÜNİVERSİTESİ,Bilgisayar Mühendisliği,306.97252,bilgisayar
KARABÜK ÜNİVERSİTESİ,Bilgisayar Mühendisliği,306.89027,bilgisayar
KTO KARATAY ÜNİVERSİTESİ,Bilgisayar Mühendisliği (Burslu),306.76199,bilgisayar
KASTAMONU ÜNİVERSİTESİ,Bilgisayar Mühendisliği,306.66476,bilgisayar
BARTIN ÜNİVERSİTESİ,Bilgisayar Mühendisliği,305.91265,bilgisayar
GAZİANTEP İSLAM BİLİM VE TEKNOLOJİ ÜNİVERSİTESİ,Bilgisayar Mühendisliği,305.84388,bilgisayar
BATMAN ÜNİVERSİTESİ,Bilgisayar Mühendisliği,305.62841,bilgisayar
SİVAS CUMHURİYET ÜNİVERSİTESİ,Bilgisayar Mühendisliği,305.62041,bilgisayar
TARSUS ÜNİVERSİTESİ,Bilgisayar Mühendisliği,305.54084,bilgisayar
ANKARA MEDİPOL ÜNİVERSİTESİ,Bilgisayar Mühendisliği (İngilizce) (%50 İndirimli),305.45516,bilgisayar
HİTİT ÜNİVERSİTESİ,Bilgisayar Mühendisliği,305.27337,bilgisayar
RECEP TAYYİP ERDOĞAN ÜNİVERSİTESİ,Bilgisayar Mühendisliği,304.89321,bilgisayar
ERZURUM TEKNİK ÜNİVERSİTESİ,Bilgisayar Mühendisliği,304.88422,bilgisayar
NİĞDE ÖMER HALİSDEMİR ÜNİVERSİTESİ,Bilgisayar Mühendisliği,304.83156,bilgisayar
NECMETTİN ERBAKAN ÜNİVERSİTESİ,Bilgisayar Mühendisliği,304.77779,bilgisayar
İNÖNÜ ÜNİVERSİTESİ,Bilgisayar Mühendisliği,304.73667,bilgisayar
İSKENDERUN TEKNİK ÜNİVERSİTESİ,Bilgisayar Mühendisliği,304.69775,bilgisayar
AMASYA ÜNİVERSİTESİ,Bilgisayar Mühendisliği,304.56845,bilgisayar
YAŞAR ÜNİVERSİTESİ,Bilgisayar Mühendisliği (İngilizce) (Ücretli),304.40776,bilgisayar
BİTLİS EREN ÜNİVERSİTESİ,Bilgisayar Mühendisliği,304.40513,bilgisayar
YEDİTEPE ÜNİVERSİTESİ,Bilgisayar Mühendisliği (İngilizce) (%50 İndirimli),304.38527,bilgisayar
KIRŞEHİR AHİ EVRAN ÜNİVERSİTESİ,Bilgisayar Mühendisliği,304.20304,bilgisayar
YOZGAT BOZOK ÜNİVERSİTESİ,Bilgisayar Mühendisliği,304.16108,bilgisayar
ORTA DOĞU TEKNİK ÜNİVERSİTESİ,Bilgisayar Mühendisliği (İngilizce) (%50 İndirimli),304.13447,bilgisayar
ERZİNCAN BİNALİ YILDIRIM ÜNİVERSİTESİ,Bilgisayar Mühendisliği,303.95059,bilgisayar
MALATYA TURGUT ÖZAL ÜNİVERSİTESİ,Bilgisayar Mühendisliği,303.91015,bilgisayar
DOĞU AKDENİZ ÜNİVERSİTESİ,Bilgisayar Mühendisliği (Burslu),303.51011,bilgisayar
MUNZUR ÜNİVERSİTESİ,Bilgisayar Mühendisliği,303.21869,bilgisayar
AVRASYA ÜNİVERSİTESİ,Bilgisayar Mühendisliği (Burslu),303.17853,bilgisayar
ARTVİN ÇORUH ÜNİVERSİTESİ,Bilgisayar Mühendisliği,303.12241,bilgisayar
İSTANBUL NİŞANTAŞI ÜNİVERSİTESİ,Bilgisayar Mühendisliği (%50 İndirimli),303.10695,bilgisayar
HARRAN ÜNİVERSİTESİ,Bilgisayar Mühendisliği,303.10303,bilgisayar
BAŞKENT ÜNİVERSİTESİ,Bilgisayar Mühendisliği (İngilizce) (%50 İndirimli),302.67004,bilgisayar
OSTİM TEKNİK ÜNİVERSİTESİ,Bilgisayar Mühendisliği (İngilizce) (%50 İndirimli),302.25772,bilgisayar
ŞIRNAK ÜNİVERSİTESİ,Bilgisayar Mühendisliği,302.22561,bilgisayar
SİİRT ÜNİVERSİTESİ,Bilgisayar Mühendisliği,301.53601,bilgisayar
İSTANBUL BEYKENT ÜNİVERSİTESİ,Bilgisayar Mühendisliği (%50 İndirimli),301.30063,bilgisayar
İSTANBUL BİLGİ ÜNİVERSİTESİ,Bilgisayar Mühendisliği (İngilizce) (%50 İndirimli),301.20544,bilgisayar
DOĞU AKDENİZ ÜNİVERSİTESİ,Bilgisayar Mühendisliği (İngilizce) (Burslu),301.05629,bilgisayar
IĞDIR ÜNİVERSİTESİ,Bilgisayar Mühendisliği,300.77244,bilgisayar
BİNGÖL ÜNİVERSİTESİ,Bilgisayar Mühendisliği,300.66939,bilgisayar
BAŞKENT ÜNİVERSİTESİ,Bilgisayar Mühendisliği (%50 İndirimli),300.41483,bilgisayar
ARDAHAN ÜNİVERSİTESİ,Bilgisayar Mühendisliği,299.6339,bilgisayar
AVRASYA ÜNİVERSİTESİ,Bilgisayar Mühendisliği (Ücretli),299.37544,bilgisayar
GİRNE AMERİKAN ÜNİVERSİTESİ,Bilgisayar Mühendisliği (İngilizce) (Burslu),299.27026,bilgisayar
İSTANBUL BEYKENT ÜNİVERSİTESİ,Bilgisayar Mühendisliği (İngilizce) (%50 İndirimli),299.25484,bilgisayar
KTO KARATAY ÜNİVERSİTESİ,Bilgisayar Mühendisliği (Ücretli),297.68398,bilgisayar
DOĞU AKDENİZ ÜNİVERSİTESİ,Bilgisayar Mühendisliği (İngilizce) (Ücretli),297.40747,bilgisayar
İSTANBUL SAĞLIK VE TEKNOLOJİ ÜNİVERSİTESİ,Bilgisayar Mühendisliği (%50 İndirimli),296.48027,bilgisayar
HALİÇ ÜNİVERSİTESİ,Bilgisayar Mühendisliği (İngilizce) (%25 İndirimli),296.11379,bilgisayar
İSTANBUL TOPKAPI ÜNİVERSİTESİ,Bilgisayar Mühendisliği (%50 İndirimli),295.4467,bilgisayar
YAKIN DOĞU ÜNİVERSİTESİ,Bilgisayar Mühendisliği (İngilizce) (Burslu),294.45857,bilgisayar
İSTANBUL ESENYURT ÜNİVERSİTESİ,Bilgisayar Mühendisliği (%50 İndirimli),293.93003,bilgisayar
BAHÇEŞEHİR ÜNİVERSİTESİ,Bilgisayar Mühendisliği (İngilizce) (%50 İndirimli),293.70454,bilgisayar
LEFKE AVRUPA ÜNİVERSİTESİ,Bilgisayar Mühendisliği (İngilizce) (Burslu),291.9636,bilgisayar
ALANYA ÜNİVERSİTESİ,Bilgisayar Mühendisliği (İngilizce) (%50 İndirimli),291.94564,bilgisayar
ÜSKÜDAR ÜNİVERSİTESİ,Bilgisayar Mühendisliği (İngilizce) (%50 İndirimli),290.52038,bilgisayar
KOCAELİ SAĞLIK VE TEKNOLOJİ ÜNİVERSİTESİ,Bilgisayar Mühendisliği (%25 İndirimli),290.49898,bilgisayar
İSTANBUL TİCARET ÜNİVERSİTESİ,Bilgisayar Mühendisliği (Ücretli),290.38683,bilgisayar
DOĞU AKDENİZ ÜNİVERSİTESİ,Bilgisayar Mühendisliği (İngilizce) (%50 İndirimli),290.22392,bilgisayar
İSTANBUL ATLAS ÜNİVERSİTESİ,Bilgisayar Mühendisliği (%50 İndirimli),289.78278,bilgisayar
BİRUNİ ÜNİVERSİTESİ,Bilgisayar Mühendisliği (%50 İndirimli),288.7877,bilgisayar
DOĞUŞ ÜNİVERSİTESİ,Bilgisayar Mühendisliği (İngilizce) (%50 İndirimli),288.77871,bilgisayar
ULUSLARARASI KIBRIS ÜNİVERSİTESİ,Bilgisayar Mühendisliği (İngilizce) (Burslu),288.6228,bilgisayar
ULUSLARARASI FİNAL ÜNİVERSİTESİ,Bilgisayar Mühendisliği (İngilizce) (Burslu),288.35012,bilgisayar
İSTANBUL AYDIN ÜNİVERSİTESİ,Bilgisayar Mühendisliği (İngilizce) (Ücretli),287.41883,bilgisayar
DOĞU AKDENİZ ÜNİVERSİTESİ,Bilgisayar Mühendisliği (%50 İndirimli),286.7704,bilgisayar
İSTANBUL SABAHATTİN ZAİM ÜNİVERSİTESİ,Bilgisayar Mühendisliği (Ücretli),286.23257,bilgisayar
GİRNE ÜNİVERSİTESİ,Bilgisayar Mühendisliği (İngilizce) (Burslu),286.10694,bilgisayar
İZMİR EKONOMİ ÜNİVERSİTESİ,Bilgisayar Mühendisliği (İngilizce) (Ücretli),286.05112,bilgisayar
İSTANBUL RUMELİ ÜNİVERSİTESİ,Bilgisayar Mühendisliği (Ücretli),285.60183,bilgisayar
YAKIN DOĞU ÜNİVERSİTESİ,Bilgisayar Mühendisliği (İngilizce) (%50 İndirimli),285.0329,bilgisayar
FATİH SULTAN MEHMET VAKIF ÜNİVERSİTESİ,Bilgisayar Mühendisliği (%25 İndirimli),284.86988,bilgisayar
İSTANBUL TEKNİK ÜNİVERSİTESİ,Bilgisayar Mühendisliği (İngilizce) (%50 İndirimli),283.04138,bilgisayar
İSTANBUL SAĞLIK VE TEKNOLOJİ ÜNİVERSİTESİ,Bilgisayar Mühendisliği (İngilizce) (%50 İndirimli),282.6026,bilgisayar
HASAN KALYONCU ÜNİVERSİTESİ,Bilgisayar Mühendisliği (İngilizce) (Ücretli),281.94992,bilgisayar
ALTINBAŞ ÜNİVERSİTESİ,Bilgisayar Mühendisliği (İngilizce) (%50 İndirimli),281.6078,bilgisayar
BEYKOZ ÜNİVERSİTESİ,Bilgisayar Mühendisliği (İngilizce) (%50 İndirimli),281.17978,bilgisayar
DOĞU AKDENİZ ÜNİVERSİTESİ,Bilgisayar Mühendisliği (Ücretli),280.43737,bilgisayar
BAŞKENT ÜNİVERSİTESİ,Bilgisayar Mühendisliği (Ücretli),280.34502,bilgisayar
ATILIM ÜNİVERSİTESİ,Bilgisayar Mühendisliği (İngilizce) (%25 İndirimli),279.43495,bilgisayar
İSTİNYE ÜNİVERSİTESİ,Bilgisayar Mühendisliği (%50 İndirimli),278.74692,bilgisayar
YEDİTEPE ÜNİVERSİTESİ,Bilgisayar Mühendisliği (İngilizce) (Ücretli),277.44872,bilgisayar
OSTİM TEKNİK ÜNİVERSİTESİ,Bilgisayar Mühendisliği (Ücretli),275.91981,bilgisayar
IŞIK ÜNİVERSİTESİ,Bilgisayar Mühendisliği (İngilizce) (Ücretli),275.57342,bilgisayar
İSTANBUL TOPKAPI ÜNİVERSİTESİ,Bilgisayar Mühendisliği (İngilizce) (%50 İndirimli),274.47403,bilgisayar
İSTANBUL OKAN ÜNİVERSİTESİ,Bilgisayar Mühendisliği (İngilizce) (Ücretli),273.63942,bilgisayar
MALTEPE ÜNİVERSİTESİ,Bilgisayar Mühendisliği (İngilizce) (Ücretli),273.53708,bilgisayar
HALİÇ ÜNİVERSİTESİ,Bilgisayar Mühendisliği (İngilizce) (Ücretli),273.41754,bilgisayar
İSTİNYE ÜNİVERSİTESİ,Bilgisayar Mühendisliği (İngilizce) (%50 İndirimli),272.89229,bilgisayar
BİRUNİ ÜNİVERSİTESİ,Bilgisayar Mühendisliği (İngilizce) (%50 İndirimli),272.66063,bilgisayar
FENERBAHÇE ÜNİVERSİTESİ,Bilgisayar Mühendisliği (İngilizce) (%50 İndirimli),271.72077,bilgisayar
ATILIM ÜNİVERSİTESİ,Bilgisayar Mühendisliği (İngilizce) (Ücretli),271.14808,bilgisayar
İSTANBUL GEDİK ÜNİVERSİTESİ,Bilgisayar Mühendisliği (%50 İndirimli),270.16719,bilgisayar
GİRNE AMERİKAN ÜNİVERSİTESİ,Bilgisayar Mühendisliği (İngilizce) (%50 İndirimli),267.2577,bilgisayar
İSTANBUL AREL ÜNİVERSİTESİ,Bilgisayar Mühendisliği (Ücretli),266.83186,bilgisayar
ULUSLARARASI KIBRIS ÜNİVERSİTESİ,Bilgisayar Mühendisliği (İngilizce) (%50 İndirimli),265.677,bilgisayar
MALTEPE ÜNİVERSİTESİ,Bilgisayar Mühendisliği (İngilizce) (%25 İndirimli),265.54633,bilgisayar
ANKARA BİLİM ÜNİVERSİTESİ,Bilgisayar Mühendisliği (İngilizce) (Ücretli),265.46967,bilgisayar
İSTANBUL KÜLTÜR ÜNİVERSİTESİ,Bilgisayar Mühendisliği (İngilizce) (Ücretli),264.7155,bilgisayar
İSTANBUL TEKNİK ÜNİVERSİTESİ,Bilgisayar Mühendisliği (İngilizce) (Ücretli),264.35005,bilgisayar
İSTANBUL AREL ÜNİVERSİTESİ,Bilgisayar Mühendisliği (İngilizce) (Ücretli),263.94496,bilgisayar
BAŞKENT ÜNİVERSİTESİ,Bilgisayar Mühendisliği (İngilizce) (Ücretli),263.43193,bilgisayar
LEFKE AVRUPA ÜNİVERSİTESİ,Bilgisayar Mühendisliği (İngilizce) (%50 İndirimli),262.8225,bilgisayar
GİRNE AMERİKAN ÜNİVERSİTESİ,Bilgisayar Mühendisliği (İngilizce) (Ücretli),260.79926,bilgisayar
OSTİM TEKNİK ÜNİVERSİTESİ,Bilgisayar Mühendisliği (İngilizce) (Ücretli),259.87002,bilgisayar
ULUSLARARASI FİNAL ÜNİVERSİTESİ,Bilgisayar Mühendisliği (İngilizce) (%50 İndirimli),257.54301,bilgisayar
ÇANKAYA ÜNİVERSİTESİ,Bilgisayar Mühendisliği (İngilizce) (Ücretli),252.29975,bilgisayar
ORTA DOĞU TEKNİK ÜNİVERSİTESİ,Bilgisayar Mühendisliği (İngilizce) (Ücretli),251.19673,bilgisayar
