universite_adi,bolum_adi,kontenjan,tur
"Abdullah Gül Üniversitesi (Kayseri)","Bilgisayar Mühendisliği (İngilizce)","3","bilgisayar"
"Adana Alparslan Türkeş Bilim ve Teknoloji Üniversitesi","Bilgisayar Mühendisliği (İngilizce)","3","bilgisayar"
"Adana Alparslan Türkeş Bilim ve Teknoloji Üniversitesi","Yazılım Mühendisliği (İngilizce)","3","yazilim"
"Adıyaman Üniversitesi","Bilgisayar Mühendisliği","2","bilgisayar"
"Afyon Kocatepe Üniversitesi (Afyonkarahisar)","Bilgisayar Mühendisliği","3","bilgisayar"
"Akdeniz Üniversitesi (Antalya)","Bilgisayar Mühendisliği (İngilizce)","3","bilgisayar"
"Aksaray Üniversitesi","Yazılım Mühendisliği","3","yazilim"
"Alanya Alaaddin Keykubat Üniversitesi (Antalya)","Bilgisayar Mühendisliği (İngilizce)","3","bilgisayar"
"Amasya Üniversitesi","Bilgisayar Mühendisliği","3","bilgisayar"
"Ankara Üniversitesi","Bilgisayar Mühendisliği","2","bilgisayar"
"Ankara Üniversitesi","Bilgisayar Mühendisliği (İngilizce)","2","bilgisayar"
"Ankara Üniversitesi","Yazılım Mühendisliği","1","yazilim"
"Ankara Yıldırım Beyazıt Üniversitesi","Bilgisayar Mühendisliği (İngilizce)","3","bilgisayar"
"Ankara Yıldırım Beyazıt Üniversitesi","Yazılım Mühendisliği (İngilizce)","3","yazilim"
"Ardahan Üniversitesi","Bilgisayar Mühendisliği","3","bilgisayar"
"Artvin Çoruh Üniversitesi","Bilgisayar Mühendisliği","2","bilgisayar"
"Atatürk Üniversitesi (Erzurum)","Bilgisayar Mühendisliği","2","bilgisayar"
"Atatürk Üniversitesi (Erzurum)","Bilgisayar Mühendisliği (İngilizce)","1","bilgisayar"
"Atatürk Üniversitesi (Erzurum)","Yazılım Mühendisliği","1","yazilim"
"Aydın Adnan Menderes Üniversitesi","Bilgisayar Mühendisliği (İngilizce)","3","bilgisayar"
"Balıkesir Üniversitesi","Bilgisayar Mühendisliği","3","bilgisayar"
"Bandırma Onyedi Eylül Üniversitesi (Balıkesir)","Bilgisayar Mühendisliği","3","bilgisayar"
"Bandırma Onyedi Eylül Üniversitesi (Balıkesir)","Yazılım Mühendisliği","3","yazilim"
"Bartın Üniversitesi","Bilgisayar Mühendisliği","3","bilgisayar"
"Batman Üniversitesi","Bilgisayar Mühendisliği","3","bilgisayar"
"Bilecik Şeyh Edebali Üniversitesi","Bilgisayar Mühendisliği","3","bilgisayar"
"Bingöl Üniversitesi","Bilgisayar Mühendisliği","2","bilgisayar"
"Bitlis Eren Üniversitesi","Bilgisayar Mühendisliği","2","bilgisayar"
"Boğaziçi Üniversitesi (İstanbul)","Bilgisayar Mühendisliği (İngilizce)","1","bilgisayar"
"Bolu Abant İzzet Baysal Üniversitesi","Bilgisayar Mühendisliği","3","bilgisayar"
"Burdur Mehmet Akif Ersoy Üniversitesi","Bilgisayar Mühendisliği","3","bilgisayar"
"Burdur Mehmet Akif Ersoy Üniversitesi","Yazılım Mühendisliği","3","yazilim"
"Bursa Teknik Üniversitesi","Bilgisayar Mühendisliği","3","bilgisayar"
"Bursa Uludağ Üniversitesi","Bilgisayar Mühendisliği","2","bilgisayar"
"Çanakkale Onsekiz Mart Üniversitesi","Bilgisayar Mühendisliği","3","bilgisayar"
"Çankırı Karatekin Üniversitesi","Bilgisayar Mühendisliği","3","bilgisayar"
"Çukurova Üniversitesi (Adana)","Bilgisayar Mühendisliği (İngilizce)","2","bilgisayar"
"Dokuz Eylül Üniversitesi (İzmir)","Bilgisayar Mühendisliği (İngilizce)","2","bilgisayar"
"Düzce Üniversitesi","Bilgisayar Mühendisliği","3","bilgisayar"
"Düzce Üniversitesi","Bilgisayar Mühendisliği (İngilizce)","3","bilgisayar"
"Erciyes Üniversitesi (Kayseri)","Bilgisayar Mühendisliği","2","bilgisayar"
"Erciyes Üniversitesi (Kayseri)","Yazılım Mühendisliği (İngilizce)","1","yazilim"
"Erzincan Binali Yıldırım Üniversitesi","Bilgisayar Mühendisliği","3","bilgisayar"
"Erzurum Teknik Üniversitesi","Bilgisayar Mühendisliği","3","bilgisayar"
"Erzurum Teknik Üniversitesi","Bilgisayar Mühendisliği (İngilizce)","2","bilgisayar"
"Eskişehir Osmangazi Üniversitesi","Bilgisayar Mühendisliği","3","bilgisayar"
"Eskişehir Teknik Üniversitesi","Bilgisayar Mühendisliği (İngilizce)","3","bilgisayar"
"Fırat Üniversitesi (Elazığ)","Bilgisayar Mühendisliği","2","bilgisayar"
"Fırat Üniversitesi (Elazığ)","Yazılım Mühendisliği","1","yazilim"
"Galatasaray Üniversitesi (İstanbul)","Bilgisayar Mühendisliği (Fransızca)","1","bilgisayar"
"Gazi Üniversitesi (Ankara)","Bilgisayar Mühendisliği","2","bilgisayar"
"Gaziantep İslam Bilim ve Teknoloji Üniversitesi","Bilgisayar Mühendisliği","3","bilgisayar"
"Gebze Teknik Üniversitesi","Bilgisayar Mühendisliği (İngilizce)","2","bilgisayar"
"Giresun Üniversitesi","Bilgisayar Mühendisliği","3","bilgisayar"
"Gümüşhane Üniversitesi","Yazılım Mühendisliği","3","yazilim"
"Hacettepe Üniversitesi (Ankara)","Bilgisayar Mühendisliği (İngilizce)","2","bilgisayar"
"Harran Üniversitesi (Şanlıurfa)","Bilgisayar Mühendisliği","3","bilgisayar"
"Harran Üniversitesi (Şanlıurfa)","Yazılım Mühendisliği","2","yazilim"
"Iğdır Üniversitesi","Bilgisayar Mühendisliği","3","bilgisayar"
"Iğdır Üniversitesi","Yazılım Mühendisliği","2","yazilim"
"Isparta Uygulamalı Bilimler Üniversitesi","Bilgisayar Mühendisliği","3","bilgisayar"
"İnönü Üniversitesi (Malatya)","Bilgisayar Mühendisliği","3","bilgisayar"
"İnönü Üniversitesi (Malatya)","Yazılım Mühendisliği","3","yazilim"
"İskenderun Teknik Üniversitesi (Hatay)","Bilgisayar Mühendisliği","3","bilgisayar"
"İstanbul Medeniyet Üniversitesi","Bilgisayar Mühendisliği","3","bilgisayar"
"İstanbul Teknik Üniversitesi","Bilgisayar Mühendisliği (İngilizce)","1","bilgisayar"
"İstanbul Teknik Üniversitesi","Bilgisayar Mühendisliği (İngilizce) (Ücretli)","2","bilgisayar"
"İstanbul Teknik Üniversitesi","Bilgisayar Mühendisliği (İngilizce) (%50 İndirimli)","1","bilgisayar"
"İstanbul Üniversitesi","Bilgisayar Mühendisliği (İngilizce)","2","bilgisayar"
"İstanbul Üniversitesi-Cerrahpaşa","Bilgisayar Mühendisliği","2","bilgisayar"
"İzmir Bakırçay Üniversitesi","Bilgisayar Mühendisliği","3","bilgisayar"
"İzmir Kâtip Çelebi Üniversitesi","Bilgisayar Mühendisliği (İngilizce)","3","bilgisayar"
"İzmir Yüksek Teknoloji Enstitüsü","Bilgisayar Mühendisliği (İngilizce)","2","bilgisayar"
"Kahramanmaraş Sütçü İmam Üniversitesi","Bilgisayar Mühendisliği","3","bilgisayar"
"Karadeniz Teknik Üniversitesi (Trabzon)","Bilgisayar Mühendisliği","2","bilgisayar"
"Karadeniz Teknik Üniversitesi (Trabzon)","Yazılım Mühendisliği","1","yazilim"
"Karadeniz Teknik Üniversitesi (Trabzon)","Yazılım Mühendisliği (İngilizce)","1","yazilim"
"Karamanoğlu Mehmetbey Üniversitesi (Karaman)","Bilgisayar Mühendisliği","3","bilgisayar"
"Kastamonu Üniversitesi","Bilgisayar Mühendisliği","3","bilgisayar"
"Kayseri Üniversitesi","Bilgisayar Mühendisliği","3","bilgisayar"
"Kayseri Üniversitesi","Yazılım Mühendisliği","3","yazilim"
"Kırıkkale Üniversitesi","Bilgisayar Mühendisliği","3","bilgisayar"
"Kırklareli Üniversitesi","Yazılım Mühendisliği","3","yazilim"
"Kırşehir Ahi Evran Üniversitesi","Bilgisayar Mühendisliği","3","bilgisayar"
"Kocaeli Üniversitesi","Bilgisayar Mühendisliği","3","bilgisayar"
"Kocaeli Üniversitesi","Yazılım Mühendisliği","3","yazilim"
"Kütahya Dumlupınar Üniversitesi","Bilgisayar Mühendisliği","3","bilgisayar"
"Kütahya Dumlupınar Üniversitesi","Yazılım Mühendisliği","3","yazilim"
"Kütahya Sağlık Bilimleri Üniversitesi","Bilgisayar Mühendisliği","3","bilgisayar"
"Malatya Turgut Özal Üniversitesi","Bilgisayar Mühendisliği","3","bilgisayar"
"Malatya Turgut Özal Üniversitesi","Yazılım Mühendisliği","3","yazilim"
"Manisa Celâl Bayar Üniversitesi","Bilgisayar Mühendisliği (İngilizce)","3","bilgisayar"
"Manisa Celâl Bayar Üniversitesi","Yazılım Mühendisliği","3","yazilim"
"Marmara Üniversitesi (İstanbul)","Bilgisayar Mühendisliği","2","bilgisayar"
"Marmara Üniversitesi (İstanbul)","Bilgisayar Mühendisliği (İngilizce)","2","bilgisayar"
"Mersin Üniversitesi","Bilgisayar Mühendisliği","3","bilgisayar"
"Muğla Sıtkı Koçman Üniversitesi","Bilgisayar Mühendisliği (İngilizce)","3","bilgisayar"
"Muğla Sıtkı Koçman Üniversitesi","Yazılım Mühendisliği (İngilizce)","3","yazilim"
"Munzur Üniversitesi (Tunceli)","Bilgisayar Mühendisliği","3","bilgisayar"
"Muş Alparslan Üniversitesi","Yazılım Mühendisliği","3","yazilim"
"Necmettin Erbakan Üniversitesi (Konya)","Bilgisayar Mühendisliği","3","bilgisayar"
"Nevşehir Hacı Bektaş Veli Üniversitesi","Bilgisayar Mühendisliği","3","bilgisayar"
"Niğde Ömer Halisdemir Üniversitesi","Bilgisayar Mühendisliği","3","bilgisayar"
"Ondokuz Mayıs Üniversitesi (Samsun)","Bilgisayar Mühendisliği","3","bilgisayar"
"Orta Doğu Teknik Üniversitesi (Ankara)","Bilgisayar Mühendisliği (İngilizce)","1","bilgisayar"
"Orta Doğu Teknik Üniversitesi (Ankara)","Bilgisayar Mühendisliği (İngilizce) (Ücretli)","2","bilgisayar"
"Orta Doğu Teknik Üniversitesi (Ankara)","Bilgisayar Mühendisliği (İngilizce) (%50 İndirimli)","1","bilgisayar"
"Orta Doğu Teknik Üniversitesi (Ankara)","Yazılım Mühendisliği (İngilizce) (Ücretli)","2","yazilim"
"Orta Doğu Teknik Üniversitesi (Ankara)","Yazılım Mühendisliği (İngilizce) (%50 İndirimli)","1","yazilim"
"Osmaniye Korkut Ata Üniversitesi","Bilgisayar Mühendisliği","3","bilgisayar"
"Pamukkale Üniversitesi (Denizli)","Bilgisayar Mühendisliği","3","bilgisayar"
"Recep Tayyip Erdoğan Üniversitesi (Rize)","Bilgisayar Mühendisliği","3","bilgisayar"
"Sakarya Uygulamalı Bilimler Üniversitesi","Bilgisayar Mühendisliği","3","bilgisayar"
"Sakarya Üniversitesi","Bilgisayar Mühendisliği","3","bilgisayar"
"Sakarya Üniversitesi","Yazılım Mühendisliği (İngilizce)","3","yazilim"
"Samsun Üniversitesi","Yazılım Mühendisliği","3","yazilim"
"Selçuk Üniversitesi (Konya)","Bilgisayar Mühendisliği","3","bilgisayar"
"Siirt Üniversitesi","Bilgisayar Mühendisliği","3","bilgisayar"
"Sivas Bilim ve Teknoloji Üniversitesi","Bilgisayar Mühendisliği (İngilizce)","2","bilgisayar"
"Sivas Cumhuriyet Üniversitesi","Bilgisayar Mühendisliği","3","bilgisayar"
"Süleyman Demirel Üniversitesi (Isparta)","Bilgisayar Mühendisliği","3","bilgisayar"
"Şırnak Üniversitesi","Bilgisayar Mühendisliği","2","bilgisayar"
"Tarsus Üniversitesi (Mersin)","Bilgisayar Mühendisliği","3","bilgisayar"
"Tekirdağ Namık Kemal Üniversitesi","Bilgisayar Mühendisliği","3","bilgisayar"
"Tokat Gaziosmanpaşa Üniversitesi","Bilgisayar Mühendisliği","3","bilgisayar"
"Trakya Üniversitesi (Edirne)","Bilgisayar Mühendisliği","3","bilgisayar"
"Türk-Alman Üniversitesi (İstanbul)","Bilgisayar Mühendisliği (Almanca)","1","bilgisayar"
"Van Yüzüncü Yıl Üniversitesi","Bilgisayar Mühendisliği","3","bilgisayar"
"Yalova Üniversitesi","Bilgisayar Mühendisliği","3","bilgisayar"
"Yıldız Teknik Üniversitesi (İstanbul)","Bilgisayar Mühendisliği","2","bilgisayar"
"Yozgat Bozok Üniversitesi","Bilgisayar Mühendisliği","3","bilgisayar"
"Zonguldak Bülent Ecevit Üniversitesi","Bilgisayar Mühendisliği","3","bilgisayar"
"Acıbadem Mehmet Ali Aydınlar Üniversitesi (İstanbul)","Bilgisayar Mühendisliği (İngilizce) (Burslu)","1","bilgisayar"
"Acıbadem Mehmet Ali Aydınlar Üniversitesi (İstanbul)","Bilgisayar Mühendisliği (İngilizce) (%50 İndirimli)","2","bilgisayar"
"Alanya Üniversitesi (Antalya)","Bilgisayar Mühendisliği (İngilizce) (Burslu)","1","bilgisayar"
"Alanya Üniversitesi (Antalya)","Bilgisayar Mühendisliği (İngilizce) (%50 İndirimli)","1","bilgisayar"
"Altınbaş Üniversitesi (İstanbul)","Bilgisayar Mühendisliği (İngilizce) (Burslu)","1","bilgisayar"
"Altınbaş Üniversitesi (İstanbul)","Bilgisayar Mühendisliği (İngilizce) (%50 İndirimli)","2","bilgisayar"
"Altınbaş Üniversitesi (İstanbul)","Yazılım Mühendisliği (İngilizce) (Burslu)","1","yazilim"
"Altınbaş Üniversitesi (İstanbul)","Yazılım Mühendisliği (İngilizce) (%50 İndirimli)","2","yazilim"
"Ankara Bilim Üniversitesi (Ankara)","Bilgisayar Mühendisliği (Ücretli)","1","bilgisayar"
"Ankara Bilim Üniversitesi (Ankara)","Bilgisayar Mühendisliği (Burslu)","1","bilgisayar"
"Ankara Bilim Üniversitesi (Ankara)","Bilgisayar Mühendisliği (İngilizce) (Ücretli)","2","bilgisayar"
"Ankara Bilim Üniversitesi (Ankara)","Bilgisayar Mühendisliği (İngilizce) (Burslu)","1","bilgisayar"
"Ankara Bilim Üniversitesi (Ankara)","Yazılım Mühendisliği (İngilizce) (Ücretli)","2","yazilim"
"Ankara Bilim Üniversitesi (Ankara)","Yazılım Mühendisliği (İngilizce) (Burslu)","1","yazilim"
"Ankara Medipol Üniversitesi (Ankara)","Bilgisayar Mühendisliği (İngilizce) (Burslu)","1","bilgisayar"
"Ankara Medipol Üniversitesi (Ankara)","Bilgisayar Mühendisliği (İngilizce) (%25 İndirimli)","2","bilgisayar"
"Antalya Belek Üniversitesi (Antalya)","Yazılım Mühendisliği (Burslu)","1","yazilim"
"Antalya Belek Üniversitesi (Antalya)","Yazılım Mühendisliği (%50 İndirimli)","1","yazilim"
"Atılım Üniversitesi (Ankara)","Bilgisayar Mühendisliği (İngilizce) (Burslu)","1","bilgisayar"
"Atılım Üniversitesi (Ankara)","Bilgisayar Mühendisliği (İngilizce) (%50 İndirimli)","2","bilgisayar"
"Atılım Üniversitesi (Ankara)","Yazılım Mühendisliği (İngilizce) (Burslu)","1","yazilim"
"Atılım Üniversitesi (Ankara)","Yazılım Mühendisliği (İngilizce) (%50 İndirimli)","2","yazilim"
"Avrasya Üniversitesi (Trabzon)","Bilgisayar Mühendisliği (Ücretli)","1","bilgisayar"
"Avrasya Üniversitesi (Trabzon)","Bilgisayar Mühendisliği (Burslu)","1","bilgisayar"
"Bahçeşehir Üniversitesi (İstanbul)","Bilgisayar Mühendisliği (İngilizce) (Ücretli)","1","bilgisayar"
"Bahçeşehir Üniversitesi (İstanbul)","Bilgisayar Mühendisliği (İngilizce) (Burslu)","1","bilgisayar"
"Bahçeşehir Üniversitesi (İstanbul)","Bilgisayar Mühendisliği (İngilizce) (%50 İndirimli)","1","bilgisayar"
"Bahçeşehir Üniversitesi (İstanbul)","Yazılım Mühendisliği (İngilizce) (Ücretli)","1","yazilim"
"Bahçeşehir Üniversitesi (İstanbul)","Yazılım Mühendisliği (İngilizce) (Burslu)","1","yazilim"
"Bahçeşehir Üniversitesi (İstanbul)","Yazılım Mühendisliği (İngilizce) (%50 İndirimli)","1","yazilim"
"Başkent Üniversitesi (Ankara)","Bilgisayar Mühendisliği (Ücretli)","1","bilgisayar"
"Başkent Üniversitesi (Ankara)","Bilgisayar Mühendisliği (Burslu)","1","bilgisayar"
"Başkent Üniversitesi (Ankara)","Bilgisayar Mühendisliği (%25 İndirimli)","1","bilgisayar"
"Başkent Üniversitesi (Ankara)","Bilgisayar Mühendisliği (İngilizce) (Ücretli)","1","bilgisayar"
"Başkent Üniversitesi (Ankara)","Bilgisayar Mühendisliği (İngilizce) (Burslu)","1","bilgisayar"
"Başkent Üniversitesi (Ankara)","Bilgisayar Mühendisliği (İngilizce) (%50 İndirimli)","1","bilgisayar"
"Beykoz Üniversitesi (İstanbul)","Bilgisayar Mühendisliği (İngilizce) (Burslu)","1","bilgisayar"
"Beykoz Üniversitesi (İstanbul)","Bilgisayar Mühendisliği (İngilizce) (%50 İndirimli)","2","bilgisayar"
"Beykoz Üniversitesi (İstanbul)","Yazılım Mühendisliği (Burslu)","1","yazilim"
"Beykoz Üniversitesi (İstanbul)","Yazılım Mühendisliği (%50 İndirimli)","1","yazilim"
"Biruni Üniversitesi (İstanbul)","Bilgisayar Mühendisliği (Burslu)","1","bilgisayar"
"Biruni Üniversitesi (İstanbul)","Bilgisayar Mühendisliği (%50 İndirimli)","2","bilgisayar"
"Biruni Üniversitesi (İstanbul)","Bilgisayar Mühendisliği (İngilizce) (Burslu)","1","bilgisayar"
"Biruni Üniversitesi (İstanbul)","Bilgisayar Mühendisliği (İngilizce) (%50 İndirimli)","2","bilgisayar"
"Çankaya Üniversitesi (Ankara)","Bilgisayar Mühendisliği (İngilizce) (Ücretli)","1","bilgisayar"
"Çankaya Üniversitesi (Ankara)","Bilgisayar Mühendisliği (İngilizce) (Burslu)","1","bilgisayar"
"Çankaya Üniversitesi (Ankara)","Bilgisayar Mühendisliği (İngilizce) (%50 İndirimli)","1","bilgisayar"
"Çankaya Üniversitesi (Ankara)","Yazılım Mühendisliği (İngilizce) (Ücretli)","1","yazilim"
"Çankaya Üniversitesi (Ankara)","Yazılım Mühendisliği (İngilizce) (Burslu)","1","yazilim"
"Çankaya Üniversitesi (Ankara)","Yazılım Mühendisliği (İngilizce) (%50 İndirimli)","1","yazilim"
"Doğuş Üniversitesi (İstanbul)","Bilgisayar Mühendisliği (İngilizce) (Burslu)","1","bilgisayar"
"Doğuş Üniversitesi (İstanbul)","Bilgisayar Mühendisliği (İngilizce) (%50 İndirimli)","2","bilgisayar"
"Doğuş Üniversitesi (İstanbul)","Yazılım Mühendisliği (Burslu)","1","yazilim"
"Doğuş Üniversitesi (İstanbul)","Yazılım Mühendisliği (%50 İndirimli)","2","yazilim"
"Fatih Sultan Mehmet Vakıf Üniversitesi (İstanbul)","Bilgisayar Mühendisliği (Burslu)","1","bilgisayar"
"Fatih Sultan Mehmet Vakıf Üniversitesi (İstanbul)","Bilgisayar Mühendisliği (%25 İndirimli)","2","bilgisayar"
"Fatih Sultan Mehmet Vakıf Üniversitesi (İstanbul)","Yazılım Mühendisliği (İngilizce) (Burslu)","1","yazilim"
"Fatih Sultan Mehmet Vakıf Üniversitesi (İstanbul)","Yazılım Mühendisliği (İngilizce) (%25 İndirimli)","2","yazilim"
"Haliç Üniversitesi (İstanbul)","Bilgisayar Mühendisliği (İngilizce) (Ücretli)","1","bilgisayar"
"Haliç Üniversitesi (İstanbul)","Bilgisayar Mühendisliği (İngilizce) (Burslu)","1","bilgisayar"
"Haliç Üniversitesi (İstanbul)","Bilgisayar Mühendisliği (İngilizce) (%25 İndirimli)","1","bilgisayar"
"Haliç Üniversitesi (İstanbul)","Yazılım Mühendisliği (İngilizce) (Ücretli)","1","yazilim"
"Haliç Üniversitesi (İstanbul)","Yazılım Mühendisliği (İngilizce) (Burslu)","1","yazilim"
"Haliç Üniversitesi (İstanbul)","Yazılım Mühendisliği (İngilizce) (%25 İndirimli)","1","yazilim"
"Hasan Kalyoncu Üniversitesi (Gaziantep)","Bilgisayar Mühendisliği (İngilizce) (Ücretli)","2","bilgisayar"
"Hasan Kalyoncu Üniversitesi (Gaziantep)","Bilgisayar Mühendisliği (İngilizce) (Burslu)","1","bilgisayar"
"Hasan Kalyoncu Üniversitesi (Gaziantep)","Yazılım Mühendisliği (İngilizce) (Ücretli)","2","yazilim"
"Hasan Kalyoncu Üniversitesi (Gaziantep)","Yazılım Mühendisliği (İngilizce) (Burslu)","1","yazilim"
"Işık Üniversitesi (İstanbul)","Bilgisayar Mühendisliği (İngilizce) (Ücretli)","1","bilgisayar"
"Işık Üniversitesi (İstanbul)","Bilgisayar Mühendisliği (İngilizce) (Burslu)","1","bilgisayar"
"Işık Üniversitesi (İstanbul)","Bilgisayar Mühendisliği (İngilizce) (%50 İndirimli)","1","bilgisayar"
"Işık Üniversitesi (İstanbul)","Yazılım Mühendisliği (İngilizce) (Burslu)","1","yazilim"
"Işık Üniversitesi (İstanbul)","Yazılım Mühendisliği (İngilizce) (%50 İndirimli)","1","yazilim"
"İstanbul Arel Üniversitesi (İstanbul)","Bilgisayar Mühendisliği (Ücretli)","2","bilgisayar"
"İstanbul Arel Üniversitesi (İstanbul)","Bilgisayar Mühendisliği (Burslu)","1","bilgisayar"
"İstanbul Atlas Üniversitesi (İstanbul)","Bilgisayar Mühendisliği (Burslu)","1","bilgisayar"
"İstanbul Atlas Üniversitesi (İstanbul)","Bilgisayar Mühendisliği (%50 İndirimli)","2","bilgisayar"
"İstanbul Atlas Üniversitesi (İstanbul)","Bilgisayar Mühendisliği (İngilizce) (Burslu)","1","bilgisayar"
"İstanbul Atlas Üniversitesi (İstanbul)","Bilgisayar Mühendisliği (İngilizce) (%50 İndirimli)","1","bilgisayar"
"İstanbul Atlas Üniversitesi (İstanbul)","Yazılım Mühendisliği (İngilizce) (Burslu)","1","yazilim"
"İstanbul Atlas Üniversitesi (İstanbul)","Yazılım Mühendisliği (İngilizce) (%50 İndirimli)","2","yazilim"
"İstanbul Aydın Üniversitesi (İstanbul)","Bilgisayar Mühendisliği (İngilizce) (Ücretli)","2","bilgisayar"
"İstanbul Aydın Üniversitesi (İstanbul)","Bilgisayar Mühendisliği (İngilizce) (Burslu)","1","bilgisayar"
"İstanbul Aydın Üniversitesi (İstanbul)","Yazılım Mühendisliği (İngilizce) (Ücretli)","2","yazilim"
"İstanbul Aydın Üniversitesi (İstanbul)","Yazılım Mühendisliği (İngilizce) (Burslu)","1","yazilim"
"İstanbul Beykent Üniversitesi (İstanbul)","Bilgisayar Mühendisliği (Burslu)","1","bilgisayar"
"İstanbul Beykent Üniversitesi (İstanbul)","Bilgisayar Mühendisliği (%50 İndirimli)","2","bilgisayar"
"İstanbul Beykent Üniversitesi (İstanbul)","Bilgisayar Mühendisliği (İngilizce) (Burslu)","1","bilgisayar"
"İstanbul Beykent Üniversitesi (İstanbul)","Bilgisayar Mühendisliği (İngilizce) (%50 İndirimli)","2","bilgisayar"
"İstanbul Beykent Üniversitesi (İstanbul)","Yazılım Mühendisliği (Burslu)","1","yazilim"
"İstanbul Beykent Üniversitesi (İstanbul)","Yazılım Mühendisliği (%50 İndirimli)","2","yazilim"
"İstanbul Bilgi Üniversitesi (İstanbul)","Bilgisayar Mühendisliği (İngilizce) (Burslu)","1","bilgisayar"
"İstanbul Bilgi Üniversitesi (İstanbul)","Bilgisayar Mühendisliği (İngilizce) (%50 İndirimli)","2","bilgisayar"
"İstanbul Esenyurt Üniversitesi (İstanbul)","Bilgisayar Mühendisliği (Burslu)","1","bilgisayar"
"İstanbul Esenyurt Üniversitesi (İstanbul)","Bilgisayar Mühendisliği (%50 İndirimli)","1","bilgisayar"
"İstanbul Esenyurt Üniversitesi (İstanbul)","Yazılım Mühendisliği (İngilizce) (Burslu)","1","yazilim"
"İstanbul Esenyurt Üniversitesi (İstanbul)","Yazılım Mühendisliği (İngilizce) (%50 İndirimli)","1","yazilim"
"İstanbul Gedik Üniversitesi (İstanbul)","Bilgisayar Mühendisliği (Burslu)","1","bilgisayar"
"İstanbul Gedik Üniversitesi (İstanbul)","Bilgisayar Mühendisliği (%50 İndirimli)","2","bilgisayar"
"İstanbul Gelişim Üniversitesi (İstanbul)","Bilgisayar Mühendisliği (Burslu)","1","bilgisayar"
"İstanbul Gelişim Üniversitesi (İstanbul)","Bilgisayar Mühendisliği (%25 İndirimli)","2","bilgisayar"
"İstanbul Gelişim Üniversitesi (İstanbul)","Yazılım Mühendisliği (Burslu)","1","yazilim"
"İstanbul Gelişim Üniversitesi (İstanbul)","Yazılım Mühendisliği (%25 İndirimli)","1","yazilim"
"İstanbul Kültür Üniversitesi (İstanbul)","Bilgisayar Mühendisliği (İngilizce) (Ücretli)","1","bilgisayar"
"İstanbul Kültür Üniversitesi (İstanbul)","Bilgisayar Mühendisliği (İngilizce) (Burslu)","1","bilgisayar"
"İstanbul Kültür Üniversitesi (İstanbul)","Bilgisayar Mühendisliği (İngilizce) (%50 İndirimli)","1","bilgisayar"
"İstanbul Nişantaşı Üniversitesi (İstanbul)","Bilgisayar Mühendisliği (Burslu)","1","bilgisayar"
"İstanbul Nişantaşı Üniversitesi (İstanbul)","Bilgisayar Mühendisliği (%50 İndirimli)","2","bilgisayar"
"İstanbul Nişantaşı Üniversitesi (İstanbul)","Yazılım Mühendisliği (İngilizce) (Burslu)","1","yazilim"
"İstanbul Nişantaşı Üniversitesi (İstanbul)","Yazılım Mühendisliği (İngilizce) (%50 İndirimli)","2","yazilim"
"İstanbul Okan Üniversitesi (İstanbul)","Bilgisayar Mühendisliği (İngilizce) (Ücretli)","2","bilgisayar"
"İstanbul Okan Üniversitesi (İstanbul)","Bilgisayar Mühendisliği (İngilizce) (Burslu)","1","bilgisayar"
"İstanbul Okan Üniversitesi (İstanbul)","Yazılım Mühendisliği (İngilizce) (Ücretli)","2","yazilim"
"İstanbul Okan Üniversitesi (İstanbul)","Yazılım Mühendisliği (İngilizce) (Burslu)","1","yazilim"
"İstanbul Rumeli Üniversitesi (İstanbul)","Bilgisayar Mühendisliği (Burslu)","1","bilgisayar"
"İstanbul Rumeli Üniversitesi (İstanbul)","Bilgisayar Mühendisliği (%50 İndirimli)","2","bilgisayar"
"İstanbul Sabahattin Zaim Üniversitesi (İstanbul)","Bilgisayar Mühendisliği (Ücretli)","2","bilgisayar"
"İstanbul Sabahattin Zaim Üniversitesi (İstanbul)","Bilgisayar Mühendisliği (Burslu)","1","bilgisayar"
"İstanbul Sağlık ve Teknoloji Üniversitesi (İstanbul)","Bilgisayar Mühendisliği (Burslu)","1","bilgisayar"
"İstanbul Sağlık ve Teknoloji Üniversitesi (İstanbul)","Bilgisayar Mühendisliği (%50 İndirimli)","2","bilgisayar"
"İstanbul Sağlık ve Teknoloji Üniversitesi (İstanbul)","Bilgisayar Mühendisliği (İngilizce) (Burslu)","1","bilgisayar"
"İstanbul Sağlık ve Teknoloji Üniversitesi (İstanbul)","Bilgisayar Mühendisliği (İngilizce) (%50 İndirimli)","2","bilgisayar"
"İstanbul Sağlık ve Teknoloji Üniversitesi (İstanbul)","Yazılım Mühendisliği (Burslu)","1","yazilim"
"İstanbul Sağlık ve Teknoloji Üniversitesi (İstanbul)","Yazılım Mühendisliği (%50 İndirimli)","2","yazilim"
"İstanbul Sağlık ve Teknoloji Üniversitesi (İstanbul)","Yazılım Mühendisliği (İngilizce) (Burslu)","1","yazilim"
"İstanbul Sağlık ve Teknoloji Üniversitesi (İstanbul)","Yazılım Mühendisliği (İngilizce) (%50 İndirimli)","2","yazilim"
"İstanbul Ticaret Üniversitesi (İstanbul)","Bilgisayar Mühendisliği (Ücretli)","1","bilgisayar"
"İstanbul Ticaret Üniversitesi (İstanbul)","Bilgisayar Mühendisliği (Burslu)","1","bilgisayar"
"İstanbul Ticaret Üniversitesi (İstanbul)","Bilgisayar Mühendisliği (%50 İndirimli)","1","bilgisayar"
"İstinye Üniversitesi (İstanbul)","Bilgisayar Mühendisliği (Burslu)","1","bilgisayar"
"İstinye Üniversitesi (İstanbul)","Bilgisayar Mühendisliği (%50 İndirimli)","2","bilgisayar"
"İstinye Üniversitesi (İstanbul)","Bilgisayar Mühendisliği (İngilizce) (Burslu)","1","bilgisayar"
"İstinye Üniversitesi (İstanbul)","Bilgisayar Mühendisliği (İngilizce) (%50 İndirimli)","2","bilgisayar"
"İstinye Üniversitesi (İstanbul)","Yazılım Mühendisliği (Burslu)","1","yazilim"
"İstinye Üniversitesi (İstanbul)","Yazılım Mühendisliği (%50 İndirimli)","2","yazilim"
"İstinye Üniversitesi (İstanbul)","Yazılım Mühendisliği (İngilizce) (Burslu)","1","yazilim"
"İstinye Üniversitesi (İstanbul)","Yazılım Mühendisliği (İngilizce) (%50 İndirimli)","2","yazilim"
"İzmir Ekonomi Üniversitesi (İzmir)","Bilgisayar Mühendisliği (İngilizce) (Ücretli)","2","bilgisayar"
"İzmir Ekonomi Üniversitesi (İzmir)","Bilgisayar Mühendisliği (İngilizce) (Burslu)","1","bilgisayar"
"İzmir Ekonomi Üniversitesi (İzmir)","Yazılım Mühendisliği (İngilizce) (Ücretli)","2","yazilim"
"İzmir Ekonomi Üniversitesi (İzmir)","Yazılım Mühendisliği (İngilizce) (Burslu)","1","yazilim"
"Kocaeli Sağlık ve Teknoloji Üniversitesi (Kocaeli)","Bilgisayar Mühendisliği (Burslu)","1","bilgisayar"
"Kocaeli Sağlık ve Teknoloji Üniversitesi (Kocaeli)","Bilgisayar Mühendisliği (%25 İndirimli)","2","bilgisayar"
"Kocaeli Sağlık ve Teknoloji Üniversitesi (Kocaeli)","Yazılım Mühendisliği (Burslu)","1","yazilim"
"Kocaeli Sağlık ve Teknoloji Üniversitesi (Kocaeli)","Yazılım Mühendisliği (%25 İndirimli)","2","yazilim"
"Maltepe Üniversitesi (İstanbul)","Bilgisayar Mühendisliği (İngilizce) (Burslu)","1","bilgisayar"
"Maltepe Üniversitesi (İstanbul)","Bilgisayar Mühendisliği (İngilizce) (%50 İndirimli)","1","bilgisayar"
"Maltepe Üniversitesi (İstanbul)","Yazılım Mühendisliği (İngilizce) (Burslu)","1","yazilim"
"Maltepe Üniversitesi (İstanbul)","Yazılım Mühendisliği (İngilizce) (%50 İndirimli)","1","yazilim"
"Mudanya Üniversitesi (Bursa)","Bilgisayar Mühendisliği (Ücretli)","1","bilgisayar"
"Mudanya Üniversitesi (Bursa)","Bilgisayar Mühendisliği (Burslu)","1","bilgisayar"
"Ostim Teknik Üniversitesi (Ankara)","Bilgisayar Mühendisliği (Ücretli)","1","bilgisayar"
"Ostim Teknik Üniversitesi (Ankara)","Bilgisayar Mühendisliği (Burslu)","1","bilgisayar"
"Ostim Teknik Üniversitesi (Ankara)","Bilgisayar Mühendisliği (%50 İndirimli)","1","bilgisayar"
"Ostim Teknik Üniversitesi (Ankara)","Bilgisayar Mühendisliği (İngilizce) (Ücretli)","1","bilgisayar"
"Ostim Teknik Üniversitesi (Ankara)","Bilgisayar Mühendisliği (İngilizce) (Burslu)","1","bilgisayar"
"Ostim Teknik Üniversitesi (Ankara)","Bilgisayar Mühendisliği (İngilizce) (%50 İndirimli)","1","bilgisayar"
"Ostim Teknik Üniversitesi (Ankara)","Yazılım Mühendisliği (Ücretli)","1","yazilim"
"Ostim Teknik Üniversitesi (Ankara)","Yazılım Mühendisliği (Burslu)","1","yazilim"
"Ostim Teknik Üniversitesi (Ankara)","Yazılım Mühendisliği (%50 İndirimli)","1","yazilim"
"Ostim Teknik Üniversitesi (Ankara)","Yazılım Mühendisliği (İngilizce) (Ücretli)","1","yazilim"
"Ostim Teknik Üniversitesi (Ankara)","Yazılım Mühendisliği (İngilizce) (Burslu)","1","yazilim"
"Ostim Teknik Üniversitesi (Ankara)","Yazılım Mühendisliği (İngilizce) (%50 İndirimli)","1","yazilim"
"Toros Üniversitesi (Mersin)","Yazılım Mühendisliği (İngilizce) (Ücretli)","1","yazilim"
"Toros Üniversitesi (Mersin)","Yazılım Mühendisliği (İngilizce) (Burslu)","1","yazilim"
"Toros Üniversitesi (Mersin)","Yazılım Mühendisliği (İngilizce) (%50 İndirimli)","1","yazilim"
"Türk Hava Kurumu Üniversitesi (Ankara)","Bilgisayar Mühendisliği (İngilizce) (Ücretli)","1","bilgisayar"
"Türk Hava Kurumu Üniversitesi (Ankara)","Bilgisayar Mühendisliği (İngilizce) (Burslu)","1","bilgisayar"
"Türk Hava Kurumu Üniversitesi (Ankara)","Bilgisayar Mühendisliği (İngilizce) (%50 İndirimli)","1","bilgisayar"
"Türk Hava Kurumu Üniversitesi (Ankara)","Yazılım Mühendisliği (İngilizce) (Burslu)","1","yazilim"
"Türk Hava Kurumu Üniversitesi (Ankara)","Yazılım Mühendisliği (İngilizce) (%50 İndirimli)","2","yazilim"
"Üsküdar Üniversitesi (İstanbul)","Bilgisayar Mühendisliği (İngilizce) (Burslu)","1","bilgisayar"
"Üsküdar Üniversitesi (İstanbul)","Bilgisayar Mühendisliği (İngilizce) (%50 İndirimli)","2","bilgisayar"
"Üsküdar Üniversitesi (İstanbul)","Yazılım Mühendisliği (İngilizce) (Burslu)","1","yazilim"
"Üsküdar Üniversitesi (İstanbul)","Yazılım Mühendisliği (İngilizce) (%50 İndirimli)","2","yazilim"
"Yaşar Üniversitesi (İzmir)","Bilgisayar Mühendisliği (İngilizce) (Ücretli)","1","bilgisayar"
"Yaşar Üniversitesi (İzmir)","Bilgisayar Mühendisliği (İngilizce) (Burslu)","1","bilgisayar"
"Yaşar Üniversitesi (İzmir)","Bilgisayar Mühendisliği (İngilizce) (%25 İndirimli)","1","bilgisayar"
"Yaşar Üniversitesi (İzmir)","Yazılım Mühendisliği (İngilizce) (Ücretli)","1","yazilim"
"Yaşar Üniversitesi (İzmir)","Yazılım Mühendisliği (İngilizce) (Burslu)","1","yazilim"
"Yaşar Üniversitesi (İzmir)","Yazılım Mühendisliği (İngilizce) (%25 İndirimli)","1","yazilim"
"Yeditepe Üniversitesi (İstanbul)","Bilgisayar Mühendisliği (İngilizce) (Ücretli)","1","bilgisayar"
"Yeditepe Üniversitesi (İstanbul)","Bilgisayar Mühendisliği (İngilizce) (Burslu)","1","bilgisayar"
"Yeditepe Üniversitesi (İstanbul)","Bilgisayar Mühendisliği (İngilizce) (%50 İndirimli)","1","bilgisayar"
"Bahçeşehir Kıbrıs Üniversitesi (KKTC-Lefkoşa)","Bilgisayar Mühendisliği (İngilizce) (Burslu)","3","bilgisayar"
"Bahçeşehir Kıbrıs Üniversitesi (KKTC-Lefkoşa)","Yazılım Mühendisliği (İngilizce) (Burslu)","2","yazilim"
"Doğu Akdeniz Üniversitesi (KKTC-Gazimağusa)","Bilgisayar Mühendisliği (Ücretli)","1","bilgisayar"
"Doğu Akdeniz Üniversitesi (KKTC-Gazimağusa)","Bilgisayar Mühendisliği (Burslu)","1","bilgisayar"
"Doğu Akdeniz Üniversitesi (KKTC-Gazimağusa)","Bilgisayar Mühendisliği (%50 İndirimli)","1","bilgisayar"
"Doğu Akdeniz Üniversitesi (KKTC-Gazimağusa)","Bilgisayar Mühendisliği (İngilizce) (Ücretli)","1","bilgisayar"
"Doğu Akdeniz Üniversitesi (KKTC-Gazimağusa)","Bilgisayar Mühendisliği (İngilizce) (Burslu)","1","bilgisayar"
"Doğu Akdeniz Üniversitesi (KKTC-Gazimağusa)","Bilgisayar Mühendisliği (İngilizce) (%50 İndirimli)","1","bilgisayar"
"Doğu Akdeniz Üniversitesi (KKTC-Gazimağusa)","Yazılım Mühendisliği (İngilizce) (Ücretli)","1","yazilim"
"Doğu Akdeniz Üniversitesi (KKTC-Gazimağusa)","Yazılım Mühendisliği (İngilizce) (Burslu)","1","yazilim"
"Doğu Akdeniz Üniversitesi (KKTC-Gazimağusa)","Yazılım Mühendisliği (İngilizce) (%50 İndirimli)","1","yazilim"
"Girne Amerikan Üniversitesi (KKTC-Girne)","Bilgisayar Mühendisliği (İngilizce) (Ücretli)","1","bilgisayar"
"Girne Amerikan Üniversitesi (KKTC-Girne)","Bilgisayar Mühendisliği (İngilizce) (Burslu)","1","bilgisayar"
"Girne Amerikan Üniversitesi (KKTC-Girne)","Bilgisayar Mühendisliği (İngilizce) (%50 İndirimli)","1","bilgisayar"
"Girne Üniversitesi (KKTC-Girne)","Bilgisayar Mühendisliği (İngilizce) (Burslu)","1","bilgisayar"
"Girne Üniversitesi (KKTC-Girne)","Bilgisayar Mühendisliği (İngilizce) (%50 İndirimli)","1","bilgisayar"
"Girne Üniversitesi (KKTC-Girne)","Yazılım Mühendisliği (Burslu)","1","yazilim"
"Girne Üniversitesi (KKTC-Girne)","Yazılım Mühendisliği (İngilizce) (Burslu)","1","yazilim"
"Lefke Avrupa Üniversitesi (KKTC-Lefke)","Bilgisayar Mühendisliği (İngilizce) (Burslu)","1","bilgisayar"
"Lefke Avrupa Üniversitesi (KKTC-Lefke)","Bilgisayar Mühendisliği (İngilizce) (%50 İndirimli)","1","bilgisayar"
"Lefke Avrupa Üniversitesi (KKTC-Lefke)","Yazılım Mühendisliği (İngilizce) (Burslu)","1","yazilim"
"Lefke Avrupa Üniversitesi (KKTC-Lefke)","Yazılım Mühendisliği (İngilizce) (%50 İndirimli)","2","yazilim"
"Uluslararası Final Üniversitesi (KKTC-Girne)","Bilgisayar Mühendisliği (İngilizce) (Burslu)","1","bilgisayar"
"Uluslararası Final Üniversitesi (KKTC-Girne)","Bilgisayar Mühendisliği (İngilizce) (%50 İndirimli)","1","bilgisayar"
"Uluslararası Final Üniversitesi (KKTC-Girne)","Yazılım Mühendisliği (İngilizce) (Burslu)","1","yazilim"
"Uluslararası Final Üniversitesi (KKTC-Girne)","Yazılım Mühendisliği (İngilizce) (%50 İndirimli)","1","yazilim"
"Uluslararası Kıbrıs Üniversitesi (KKTC-Lefkoşa)","Bilgisayar Mühendisliği (İngilizce) (Burslu)","1","bilgisayar"
"Uluslararası Kıbrıs Üniversitesi (KKTC-Lefkoşa)","Bilgisayar Mühendisliği (İngilizce) (%50 İndirimli)","1","bilgisayar"
"Uluslararası Kıbrıs Üniversitesi (KKTC-Lefkoşa)","Yazılım Mühendisliği (İngilizce) (Ücretli)","1","yazilim"
"Uluslararası Kıbrıs Üniversitesi (KKTC-Lefkoşa)","Yazılım Mühendisliği (İngilizce) (Burslu)","1","yazilim"
"Uluslararası Kıbrıs Üniversitesi (KKTC-Lefkoşa)","Yazılım Mühendisliği (İngilizce) (%50 İndirimli)","1","yazilim"